,,,
,,,
,,,
,,,
Big chat svart vit röd naturell,9802_45_42_34,0,
,9802_45_42_36,1,
,9802_45_42_3840,2,
,9802_45_42_42,2,
,9802_45_42_44,2,
,9802_45_42_46,1,
,,,
,,,
,,,
,,,
Peaky Stripe blå vit svart  grön/grön,9802_46_09_34,0,
,9802_46_09_36,0,
,9802_46_09_3840,2,
,9802_46_09_42,3,
,9802_46_09_44,3,
,9802_46_09_46,2,
,,,
,,,
,,,
,,,
Kärna blå vit  Naturell ,9802_5_103_34,0,
,9802_5_103_36,0,
,9802_5_103_3840,1,
,9802_5_103_42,0,
,9802_5_103_44,3,
,9802_5_103_46,1,
,,,
,,,
,,,
,,,
Pyramid svart vit blå Naturell ,9802_4_57_34,0,
,9802_4_57_36,1,
,9802_4_57_3840,3,
,9802_4_57_42,3,
,9802_4_57_44,2,
,9802_4_57_46,1,
,,,
,,,
,,,
Kärna svartvit,9802_5_7_34,0,
,9802_5_7_36,1,
,9802_5_7_3840,3,
,9802_5_7_42,2,
,9802_5_7_44,1,
,9802_5_7_46,1,
,,,
,,,
,,,
Peaky Stripe vit svart  färgad cigarr ,9802_46_13_34,0,
,9802_46_13_36,2,
,9802_46_13_3840,3,
,9802_46_13_42,2,
,9802_46_13_44,2,
,9802_46_13_46,1,
,,,
,,,
färgad ceris Tiger,9802_6_70_34,0,
,9802_6_70_36,1,
,9802_6_70_3840,1,
,9802_6_70_42,1,
,9802_6_70_44,2,
,9802_6_70_46,1,
,,,
,,,
,,,
,,,
,,,
 Big chat  färgad ceris rosa ,9820_45_73_34,1,
,9820_45_73_36,2,
,9820_45_73_3840,3,
,9820_45_73_42,0,
,9820_45_73_44,0,
,9820_45_73_46,0,
,,,
,,,
Pyramid svart vit blå färgad grön ,9820_4_9_34,2,
,9820_4_9_36,4,
,9820_4_9_3840,5,
,9820_4_9_42,3,
,9820_4_9_44,2,
,9820_4_9_46,0,
,,,
,,,
Peaky Stripe vit svart blå färgad syrén ,9820_46_106_34,2,
,9820_46_106_36,0,
,9820_46_106_3840,3,
,9820_46_106_42,3,
,9820_46_106_44,2,
,9820_46_106_46,0,
,,,
,,,
Pyramid svart vit blå Naturell ,9820_4_57_34,2,
,9820_4_57_36,3,
,9820_4_57_3840,5,
,9820_4_57_42,4,
,9820_4_57_44,1,
,9820_4_57_46,0,
,,,
,,,
,,,
,,,
 pyramid naturell,9801_4_57_34,0,
,9801_4_57_36,3,
,9801_4_57_3840,5,
,9801_4_57_42,5,
,9801_4_57_44,2,
,9801_4_57_46,2,
,,,
,,,
,,,
Kärna blå vit Naturell ,9801_5_103_34,0,
,9801_5_103_36,2,
,9801_5_103_3840,3,
,9801_5_103_42,4,
,9801_5_103_44,3,
,9801_5_103_46,2,
,,,
,,,
Kärna blå vit  färgad röd vinröd,9801_5_20_34,0,
,9801_5_20_36,2,
,9801_5_20_3840,1,
,9801_5_20_42,3,
,9801_5_20_44,1,
,9801_5_20_46,1,
,,,
,,,
Kärna svart vit färgad syrén ,9801_5_302_34,0,
,9801_5_302_36,2,
,9801_5_302_3840,1,
,9801_5_302_42,3,
,9801_5_302_44,2,
,9801_5_302_46,2,
,,,
,,,
Peaky Stripe vit svart färgad blå ,9801_46_48_34,0,
,9801_46_48_36,3,
,9801_46_48_3840,4,
,9801_46_48_42,4,
,9801_46_48_44,3,
,9801_46_48_46,2,
,,,
,,,
,,,
Tiger vit röd färgad TURKOS /,9801_6_104_34,0,
,9801_6_104_36,2,
,9801_6_104_3840,3,
,9801_6_104_42,3,
,9801_6_104_44,2,
,9801_6_104_46,1,
,,,
,,,
,,,
Big chat svart vit röd Ceris ,9801_45_73_34,0,
,9801_45_73_36,1,
,9801_45_73_3840,3,
,9801_45_73_42,2,
,9801_45_73_44,1,
,9801_45_73_46,1,
,,,
,,,
enf  Svart ,9801_13_25_34,0,
,9801_13_25_36,1,
,9801_13_25_3840,3,
,9801_13_25_42,2,
,9801_13_25_44,0,
,9801_13_25_46,1,
,,,
,,,
Tiger Vit Röd,9801_6_50_34,0,
,9801_6_50_36,0,
,9801_6_50_3840,0,
,9801_6_50_42,0,
,9801_6_50_44,0,
,9801_6_50_46,0,
,,,
,,,
,,,
,,,
Kärna blå vit Naturell ,9809_5_103_34,2,
,9809_5_103_36,2,
,9809_5_103_3840,3,
,9809_5_103_42,3,
,9809_5_103_44,2,
,9809_5_103_46,1,
,,,
,,,
,,,
Pyramid svart vit blå färgad grön/grön ,9809_4_9_34,1,
,9809_4_9_36,2,
,9809_4_9_3840,1,
,9809_4_9_42,1,
,9809_4_9_44,0,
,9809_4_9_46,0,
,,,
,,,
Kärna svartvit Naturell ,9809_5_7_34,2,
,9809_5_7_36,3,
,9809_5_7_3840,0,OBS! MEDIUM SLUT
,9809_5_7_42,2,
,9809_5_7_44,0,
,9809_5_7_46,0,
,,,
,,,
,,,
färgad SYRÉN ,9809_46_106_34,1,
,9809_46_106_36,2,
,9809_46_106_3840,3,
,9809_46_106_42,3,
,9809_46_106_44,1,
,9809_46_106_46,0,
,,,
,,,
,,,
Big chat svart vit röd Naturell ,9809_45_42_34,0,
,9809_45_42_36,0,
,9809_45_42_3840,3,
,9809_45_42_42,3,
,9809_45_42_44,0,
,9809_45_42_46,0,
,,,
,,,
,,,
enf  Svart ,9809_13_25_34,2,
,9809_13_25_36,2,
,9809_13_25_3840,3,
,9809_13_25_42,1,
,9809_13_25_44,2,
,9809_13_25_46,0,
,,,
,,,
,,,
Kärna  grön grön,9807_5_9_34,0,
,9807_5_9_36,1,
,9807_5_9_3840,0,OBS! MEDIUM SLUT
,9807_5_9_42,3,
,9807_5_9_44,0,
,9807_5_9_46,0,
,,,
,,,
Pyramid  naturell,9807_4_57_34,0,
,9807_4_57_36,1,
,9807_4_57_3840,3,
,9807_4_57_42,3,
,9807_4_57_44,1,
,9807_4_57_46,0,
,,,
,,,
Big Chat Blå Blå,9807_45_48_34,0,
,9807_45_48_36,1,
,9807_45_48_3840,1,
,9807_45_48_42,2,
,9807_45_48_44,1,
,9807_45_48_46,0,
,,,
,,,
,,,
Peaky stripe blå,510_46_48_34,0,
,510_46_48_36,2,
,510_46_48_3840,3,
,510_46_48_42,3,
,510_46_48_44,2,
,510_46_48_46,1,
,,,
,,,
pyramid blå syren,510_4_106_34,0,
,510_4_106_36,2,
,510_4_106_3840,3,
,510_4_106_42,2,
,510_4_106_44,2,
,510_4_106_46,1,
,,,
,,,
Fågel cigarr,510_9_13_34,0,
,510_9_13_36,1,
,510_9_13_3840,2,
,510_9_13_42,1,
,510_9_13_44,2,
,510_9_13_46,1,
,,,
,,,
,,,
Peaky stripe färgad blåblå,1401_46_48_34,0,
,1401_46_48_36,2,
,1401_46_48_3840,3,
,1401_46_48_42,1,
,1401_46_48_44,1,
,1401_46_48_46,0,
,,,
,,,
Pyramid naturell,1401_4_57_34,0,
,1401_4_57_36,2,
,1401_4_57_3840,3,
,1401_4_57_42,2,
,1401_4_57_44,2,
,1401_4_57_46,0,
,,,
,,,
Kärna  cigarr,1401_5_13_34,0,
,1401_5_13_36,2,
,1401_5_13_3840,3,
,1401_5_13_42,2,
,1401_5_13_44,1,
,1401_5_13_46,0,
,,,
,,,
Kärna svartvit,1401_5_7_34,0,
,1401_5_7_36,0,
,1401_5_7_3840,2,
,1401_5_7_42,2,
,1401_5_7_44,0,
,1401_5_7_46,0,
,,,
,,,
peaky stripe sv vit,1401_46_7_34,0,
,1401_46_7_36,0,
,1401_46_7_3840,3,
,1401_46_7_42,3,
,1401_46_7_44,0,
,1401_46_7_46,0,
,,,
,,,
enf svart,1401_13_25_34,0,
,1401_13_25_36,0,
,1401_13_25_3840,2,
,1401_13_25_42,2,
,1401_13_25_44,0,
,1401_13_25_46,0,
,,,
,,,
,,,
naturell big chat,9901_45_42_34,0,
,9901_45_42_36,2,
,9901_45_42_3840,3,
,9901_45_42_42,3,
,9901_45_42_44,2,
,9901_45_42_46,0,
,,,
,,,
Kärna blå vit,9901_5_103_34,0,
,9901_5_103_36,0,
,9901_5_103_3840,2,
,9901_5_103_42,3,
,9901_5_103_44,2,
,9901_5_103_46,0,
,,,
,,,
Peaky stripe  grön grön,9901_46_9_34,0,
,9901_46_9_36,2,
,9901_46_9_3840,2,
,9901_46_9_42,3,
,9901_46_9_44,2,
,9901_46_9_46,0,
,,,
,,,
Tiger ceris röd,9901_6_70_34,0,
,9901_6_70_36,2,
,9901_6_70_3840,2,
,9901_6_70_42,2,
,9901_6_70_44,2,
,9901_6_70_46,0,
,,,
,,,
Pyramid färgad blå blå,9901_4_48_34,0,
,9901_4_48_36,2,
,9901_4_48_3840,3,
,9901_4_48_42,3,
,9901_4_48_44,2,
,9901_4_48_46,0,
,,,
,,,
peaky stripe röd vinröd,1007_46_20_34,0,
,1007_46_20_36,2,
,1007_46_20_3840,3,
,1007_46_20_42,3,
,1007_46_20_44,2,
,1007_46_20_46,0,
,,,
,,,
pyramid naturell,1007_4_57_34,0,
,1007_4_57_36,2,
,1007_4_57_3840,2,
,1007_4_57_42,2,
,1007_4_57_44,2,
,1007_4_57_46,0,
,,,
,,,
Tiger färgad turkos,1007_6_104_34,0,
,1007_6_104_36,2,
,1007_6_104_3840,3,
,1007_6_104_42,3,
,1007_6_104_44,1,
,1007_6_104_46,0,
,,,
,,,
big chat lila svart,9413_45_302_34,0,
,9413_45_302_36,2,
,9413_45_302_3840,1,
,9413_45_302_42,1,
,9413_45_302_44,0,
,9413_45_302_46,0,
,,,
,,,
Kärna blå vit,9413_5_103_34,0,
,9413_5_103_36,1,
,9413_5_103_3840,1,
,9413_5_103_42,2,
,9413_5_103_44,1,
,9413_5_103_46,1,
,,,
,,,
Tiger ljus botten färgad ceris,9413_6_70_34,0,
,9413_6_70_36,1,
,9413_6_70_3840,1,
,9413_6_70_42,1,
,9413_6_70_44,1,
,9413_6_70_46,1,
,,,
,,,
,,,
enf svart,9413_13_25_34,0,
,9413_13_25_36,2,
,9413_13_25_3840,3,
,9413_13_25_42,2,
,9413_13_25_44,2,
,9413_13_25_46,0,
,,,
,,,
big chat  naturell,9905_45_42_34,0,
,9905_45_42_36,2,
,9905_45_42_3840,3,
,9905_45_42_42,3,
,9905_45_42_44,2,
,9905_45_42_46,0,
,,,
,,,
Kärna röd vinröd,9905_5_20_34,0,
,9905_5_20_36,2,
,9905_5_20_3840,3,
,9905_5_20_42,2,
,9905_5_20_44,1,
,9905_5_20_46,0,
,,,
,,,
enf svart,9905_13_25_34,0,
,9905_13_25_36,2,
,9905_13_25_3840,3,
,9905_13_25_42,2,
,9905_13_25_44,2,
,9905_13_25_46,0,
,,,
,,,
Peaky stripe grön grön,1901_46_9_34,0,
,1901_46_9_36,1,
,1901_46_9_3840,1,
,1901_46_9_42,1,
,1901_46_9_44,1,
,1901_46_9_46,0,
,,,
,,,
  Pyramid naturell,1901_4_57_34,0,
,1901_4_57_36,1,
,1901_4_57_3840,1,
,1901_4_57_42,1,
,1901_4_57_44,1,
,1901_4_57_46,0,
,,,
,,,
Tiger färgad ceris,1901_6_70_34,0,
,1901_6_70_36,1,
,1901_6_70_3840,1,
,1901_6_70_42,1,
,1901_6_70_44,1,
,1901_6_70_46,0,
,,,
,,,
Tiger vit röd,9903_6_50_34,0,
,9903_6_50_36,2,
,9903_6_50_3840,3,
,9903_6_50_42,3,
,9903_6_50_44,2,
,9903_6_50_46,0,
,,,
,,,
,,,
pyramid grön grön,9903_4_9_34,0,
,9903_4_9_36,2,
,9903_4_9_3840,3,
,9903_4_9_42,3,
,9903_4_9_44,2,
,9903_4_9_46,0,
,,,
,,,
enf svart,9903_13_25_34,0,
,9903_13_25_36,2,
,9903_13_25_3840,3,
,9903_13_25_42,3,
,9903_13_25_44,3,
,9903_13_25_46,0,
,,,
,,,
big chat lila,9812_45_302_34,0,
,9812_45_302_36,2,
,9812_45_302_3840,3,
,9812_45_302_42,3,
,9812_45_302_44,2,
,9812_45_302_46,0,
,,,
,,,
peaky stripe cigarr,9812_46_13_34,0,
,9812_46_13_36,2,
,9812_46_13_3840,3,
,9812_46_13_42,3,
,9812_46_13_44,2,
,9812_46_13_46,0,
,,,
,,,
enf  svart,9812_13_25_34,0,
,9812_13_25_36,2,
,9812_13_25_3840,3,
,9812_13_25_42,1,
,9812_13_25_44,1,
,9812_13_25_46,0,
,,,
,,,
enf  svart,9812_5_7_34,0,
,9812_5_7_36,1,
,9812_5_7_3840,2,
,9812_5_7_42,1,
,9812_5_7_44,0,
,9812_5_7_46,0,