;;;;;;
v-klänning;9807_55_32_34;0;;;;
anemone;9807_55_32_36;2;;;;
;9807_55_32_3840;2;;;;
;9807_55_32_42;2;;;;
;9807_55_32_44;1;;;;
;;;;;;
;;;;;;
;;;;;;
Kärna;9807_5_7_34;0;;;;
;9807_5_7_36;2;;;;
;9807_5_7_3840;2;;;;
;9807_5_7_42;2;;;;
;9807_5_7_44;1;;;;
;;;;;;
;;;;;;
;;;;;;
enf svart;9807_13_25_34;0;;;;
;9807_13_25_36;2;;;;
;9807_13_25_3840;2;;;;
;9807_13_25_42;2;;;;
;9807_13_25_44;1;;;;
;;;;;;
;;;;;;
;;;;;;
;;;;;;
raglanklänning;1007_49_17_34;0;;;;
Sonia;1007_49_17_36;2;;;;
;1007_49_17_3840;3;;;;
;1007_49_17_42;2;;;;
;1007_49_17_44;2;;;;
;;;;;;
;;;;;;
Anemone;1007_55_32_34;0;;;;
;1007_55_32_36;2;;;;
;1007_55_32_3840;3;;;;
;1007_55_32_42;2;;;;
;1007_55_32_44;2;;;;
;;;;;;
;;;;;;
Kärna;1007_5_7_34;0;;;;
;1007_5_7_36;2;;;;
;1007_5_7_3840;3;;;;
;1007_5_7_42;2;;;;
;1007_5_7_44;2;;;;
;;;;;;
;;;;;;
;;;;;;
Fickklänning;1401_5_7_34;0;;;;
Kärna;1401_5_7_36;2;;;;
;1401_5_7_3840;2;;;;
;1401_5_7_42;2;;;;
;1401_5_7_44;2;;;;
;;;;;;
;;;;;;
enf svart;1401_13_25_34;0;;;;
;1401_13_25_36;2;;;;
;1401_13_25_3840;2;;;;
;1401_13_25_42;2;;;;
;1401_13_25_44;2;;;;
;;;;;;
;;;;;;
SONIA;1401_49_17_34;0;;;;
;1401_49_17_36;2;;;;
;1401_49_17_3840;2;;;;
;1401_49_17_42;1;;;;
;1401_49_17_44;2;;;;
;;;;;;
;;;;;;
Anemone;1401_55_32_34;0;;;;
;1401_55_32_36;2;;;;
;1401_55_32_3840;2;;;;
;1401_55_32_42;2;;;;
;1401_55_32_44;2;;;;
;;;;;;
;;;;;;
Liten t-shirt;9802_27_7_34;0;;;;
varma abcken;9802_27_7_36;1;;;;
;9802_27_7_3840;2;;;;
;9802_27_7_42;2;;;;
;9802_27_7_44;1;;;;
;;;;;;
;;;;;;
Kärna blå svart;9802_5_105_34;0;;;;
;9802_5_105_36;1;;;;
;9802_5_105_3840;1;;;;
;9802_5_105_42;1;;;;
;9802_5_105_44;0;;;;
;;;;;;
;;;;;;
Kärna sv vit;9802_5_7_34;0;;;;
;9802_5_7_36;1;;;;
;9802_5_7_3840;2;;;;
;9802_5_7_42;2;;;;
;9802_5_7_44;1;;;;
;;;;;;
silvergrå;9802_13_3_34;0;;;;
;9802_13_3_36;1;;;;
;9802_13_3_3840;2;;;;
;9802_13_3_42;2;;;;
;9802_13_3_44;1;;;;
;;;;;;
anemone;9802_55_32_34;0;;;;
;9802_55_32_36;2;;;;
;9802_55_32_3840;2;;;;
;9802_55_32_42;2;;;;
;9802_55_32_44;2;;;;
;;;;;;
;;;;;;
;;;;;;
;;;;;;
stor t-shirt;9820_9_33_1_34;1;;;;
Blå svart Fågel;9820_9_33_1_36;1;;;;
;9820_9_33_3840;1;;;;
;9820_9_33_42;1;;;;
;9820_9_33_44;1;;;;
;;;;;;
;;;;;;
;;;;;;
stor t-shirt;9820_13_25_34;1;;;;
svart;9820_13_25_36;2;;;;
;9820_13_25_3840;2;;;;
;9820_13_25_42;1;;;;
;9820_13_25_44;1;;;;
;;;;;;
;;;;;;
;;;;;;
stor t-shirt;9820_49_17_34;1;;;;
sonia;9820_49_17_36;2;;;;
;9820_49_17_3840;2;;;;
;9820_49_17_42;2;;;;
;9820_49_17_44;1;;;;
;;;;;;
stor t-shirt;;;;;;
Anemone;9820_55_32_34;1;;;;
;9820_55_32_36;2;;;;
;9820_55_32_3840;2;;;;
;9820_55_32_42;2;;;;
;9820_55_32_44;1;;;;
;;;;;;
stor t-shirt;;;;;;
vit;9820_13_140_34;1;;;;
;9820_13_140_36;2;;;;
;9820_13_140_3840;2;;;;
;9820_13_140_42;2;;;;
;9820_13_140_44;1;;;;
stor t-shirt;;;;;;
Kärna sv vit;9820_5_7_34;1;;;;
;9820_5_7_36;2;;;;
;9820_5_7_3840;2;;;;
;9820_5_7_42;2;;;;
;9820_5_7_44;1;;;;
;;;;;;
;;;;;;
Slitslinne;;;;;;
sonia;9809_49_17_34;1;;;;
;9809_49_17_36;1;;;;
;9809_49_17_3840;1;;;;
;9809_49_17_42;1;;;;
;9809_49_17_44;1;;;;
;;;;;;
blå kärna;9809_5_105_34;1;;;;
;9809_5_105_36;1;;;;
;9809_5_105_3840;1;;;;
;9809_5_105_42;1;;;;
;9809_5_105_44;1;;;;
;;;;;;
;;;;;;
Varma backen;9809_27_7_34;1;;;;
;9809_27_7_36;1;;;;
;9809_27_7_3840;1;;;;
;9809_27_7_42;1;;;;
;9809_27_7_44;1;;;;
;;;;;;
;;;;;;
anemone;9809_55_32_34;1;;;;
;9809_55_32_36;2;;;;
;9809_55_32_3840;2;;;;
;9809_55_32_42;2;;;;
;9809_55_32_44;1;;;;
;;;;;;
;;;;;;
enf svart;9809_13_25_34;1;;;;
;9809_13_25_36;1;;;;
;9809_13_25_3840;1;;;;
;9809_13_25_42;1;;;;
;9809_13_25_44;1;;;;
;;;;;;
;;;;;;
kärna sv vit;9809_5_7_34;2;;;;
;9809_5_7_36;2;;;;
;9809_5_7_3840;2;;;;
;9809_5_7_42;2;;;;
;9809_5_7_44;1;;;;
;;;;;;
;;;;;;
;;;;;;
Linne;9801_5_7_34;0;;;;
Kärna;9801_5_7_36;2;;;;
;9801_5_7_3840;2;;;;
;9801_5_7_42;2;;;;
;9801_5_7_44;2;;;;
;;;;;;
;;;;;;
peaky stripe blå;9801_46_106_34;0;;;;
;9801_46_106_36;0;;;;
;9801_46_106_3840;1;;;;
;9801_46_106_42;1;;;;
;9801_46_106_44;0;;;;
;9801_46_106_46;1;;;;
;;;;;;
vit;9801_13_140_34;0;;;;
;9801_13_140_36;2;;;;
;9801_13_140_3840;2;;;;
;9801_13_140_42;2;;;;
;9801_13_140_4;2;;;;
;;;;;;
;;;;;;
silvergrå ;9801_13_3_34;0;;;;
;9801_13_3_36;1;;;;
;9801_13_3_3840;2;;;;
;9801_13_3_42;2;;;;
;9801_13_3_44;2;;;;
;;;;;;
;;;;;;
anemone;9801_55_32_34;0;;;;
;9801_55_32_36;2;;;;
;9801_55_32_3840;2;;;;
;9801_55_32_42;2;;;;
;9801_55_32_44;2;;;;
;;;;;;
;;;;;;
svart;9801_13_25_34;0;;;;
;9801_13_25_36;2;;;;
;9801_13_25_3840;2;;;;
;9801_13_25_42;2;;;;
;9801_13_25_44;2;;;;
;;;;;;
;;;;;;
kl kjol;9905_5_7_1_34;0;;;;
Kärna sv vit;9905_5_7_1_36;2;;;;
;9905_5_7_1_3840;2;;;;
;9905_5_7_1_42;2;;;;
;9905_5_7_144;2;;;;
;;;;;;
;;;;;;
p s blå blå ;9905_46_106_34;0;;;;
;9905_46_106_36;0;;;;
;9905_46_106_3840;1;;;;
;9905_46_106_42;1;;;;
;9905_46_106_44;1;;;;
;;;;;;
silvergrå;9905_13_3_34;0;;;;
;9905_13_3_36;2;;;;
;9905_13_3_3840;2;;;;
;9905_13_3_42;2;;;;
;9905_13_3_44;2;;;;
;;;;;;
;;;;;;
anemone;9905_55_32_34;0;;;;
;9905_55_32_36;2;;;;
;9905_55_32_3840;2;;;;
;9905_55_32_42;2;;;;
;9905_55_32_44;2;;;;
;;;;;;
;;;;;;
svart;9905_13_25_34;0;;;;
;9905_13_25_36;2;;;;
;9905_13_25_3840;2;;;;
;9905_13_25_42;2;;;;
;9905_13_25_44;2;;;;
;;;;;;
;;;;;;
Smal byxa ;9812_5_7_34;0;;;;
kärna;9812_5_7_36;2;;;;
;9812_5_7_3840;2;;;;
;9812_5_7_42;2;;;;
;9812_5_7_44;2;;;;
;;;;;;
;;;;;;
peaky stripe ;9812_46_7_34;0;;;;
;9812_46_7_36;2;;;;
;9812_46_7_3840;2;;;;
;9812_46_7_42;2;;;;
;9812_46_7_44;2;;;;
;;;;;;
;;;;;;
vit;9812_13_140_34;0;;;;
;9812_13_140_36;2;;;;
;9812_13_140_3840;2;;;;
;9812_13_140_42;2;;;;
;9812_13_140_44;2;;;;
;;;;;;
svart;9812_13_25_34;0;;;;
;9812_13_25_36;2;;;;
;9812_13_25_3840;2;;;;
;9812_13_25_42;2;;;;
;9812_13_25_44;;;;;
;;;;;;
anemone;9812_55_32_34;0;;;;
;9812_55_32_36;2;;;;
;9812_55_32_3840;2;;;;
;9812_55_32_42;2;;;;
;9812_55_32_44;2;;;;
;;;;;;
;;;;;;
;;;;;;
;;;;;;
Vid byxa;9903_13_25_34;0;;;;
svart;9903_13_25_36;2;;;;
;9903_13_25_3840;2;;;;
;9903_13_25_42;2;;;;
;9903_13_25_44;2;;;;
;;;;;;
;;;;;;
;;;;;;
anemone;9903_55_32_34;0;;;;
;9903_55_32_36;2;;;;
;9903_55_32_3840;2;;;;
;9903_55_32_42;2;;;;
;9903_55_32_44;2;;;;
;;;;;;
;;;;;;
;;;;;;
Kärna;9903_5_7_34;0;;;;
;9903_5_7_36;2;;;;
;9903_5_7_3840;2;;;;
;9903_5_7_42;2;;;;
;9903_5_7_44;2;;;;
;;;;;;
;;;;;;
;;;;;;
;;;;;;
;;;;;;
;;;;;;
;;;;;;
;;;;;;
;;;;;;
;;;;;;
;;;;;;
;;;;;;
;;;;;;
;;;;;;
;;;;;;
;;;;;;
;;;;;;
;;;;;;
;;;;;;
;;;;;;
;;;;;;
;;;;;;
;;;;;;
;;;;;;
;;;;;;
;;;;;;
;;;;;;
;;;;;;
;;;;;;
;;;;;;
;;;;;;
;;;;;;
;;;;;;
;;;;;;
;;;;;;
;;;;;;
;;;;;;
;;;;;;
;;;;;;
;;;;;;
;;;;;;
;;;;;;
;;;;;;
;;;;;;
;;;;;;
;;;;;;
;;;;;;
;;;;;;
;;;;;;
;;;;;;
;;;;;;
;;;;;;
;;;;;;
;;;;;;
;;;;;;
;;;;;;
;;;;;;
;;;;;;
;;;;;;
;;;;;;
;;;;;;
;;;;;;
;;;;;;
;;;;;;
;;;;;;
;;;;;;
;;;;;;
;;;;;;
;;;;;;
;;;;;;
;;;;;;
;;;;;;
;;;;;;
;;;;;;
;;;;;;
;;;;;;
;;;;;;
;;;;;;
;;;;;;
;;;;;;
;;;;;;
;;;;;;
;;;;;;
;;;;;;
;;;;;;
;;;;;;
;;;;;;
;;;;;;
;;;;;;
;;;;;;
;;;;;;
;;;;;;
;;;;;;
;;;;;;
;;;;;;
;;;;;;
;;;;;;
;;;;;;
;;;;;;
;;;;;;
;;;;;;
;;;;;;
;;;;;;
;;;;;;
;;;;;;
;;;;;;
;;;;;;
;;;;;;
;;;;;;
;;;;;;
;;;;;;
;;;;;;
;;;;;;
;;;;;;
;;;;;;
;;;;;;
;;;;;;
;;;;;;
;;;;;;
;;;;;;
;;;;;;
;;;;;;
;;;;;;
;;;;;;
;;;;;;
;;;;;;
;;;;;;
;;;;;;
;;;;;;
;;;;;;
;;;;;;
;;;;;;
;;;;;;
;;;;;;
;;;;;;
;;;;;;
;;;;;;
;;;;;;
;;;;;;
;;;;;;
;;;;;;
;;;;;;
;;;;;;
;;;;;;
;;;;;;
;;;;;;
;;;;;;
;;;;;;
;;;;;;
;;;;;;
;;;;;;
;;;;;;
;;;;;;
;;;;;;
;;;;;;
;;;;;;
;;;;;;
;;;;;;
;;;;;;
;;;;;;
;;;;;;
;;;;;;
;;;;;;
;;;;;;
;;;;;;
;;;;;;
;;;;;;
;;;;;;
;;;;;;
;;;;;;
;;;;;;
;;;;;;
;;;;;;
;;;;;;
;;;;;;